mes,servico,projeto,custo
2026-04,compute-web,atlas,388.29
2026-04,compute-web,boreas,67.25
2026-04,compute-web,cais,61.38
2026-04,compute-lote,atlas,169.73
2026-04,compute-lote,boreas,26.99
2026-04,compute-lote,cais,27.11
2026-04,banco-relacional,atlas,315.96
2026-04,banco-relacional,boreas,46.62
2026-04,banco-relacional,cais,43.16
2026-04,armazenamento-frio,atlas,97.50
2026-04,armazenamento-frio,boreas,13.97
2026-04,armazenamento-frio,cais,14.92
2026-04,trafego-saida,atlas,21.45
2026-04,trafego-saida,boreas,145.75
2026-04,trafego-saida,cais,22.10
2026-04,cdn-distribuicao,atlas,16.53
2026-04,cdn-distribuicao,boreas,113.08
2026-04,cdn-distribuicao,cais,16.66
2026-04,fila-mensagens,atlas,6.74
2026-04,fila-mensagens,boreas,43.06
2026-04,fila-mensagens,cais,6.58
2026-04,funcao-sem-servidor,atlas,8.76
2026-04,funcao-sem-servidor,boreas,57.62
2026-04,funcao-sem-servidor,cais,9.01
2026-04,monitoramento,atlas,5.87
2026-04,monitoramento,boreas,5.28
2026-04,monitoramento,cais,37.71
2026-04,registros-log,atlas,7.22
2026-04,registros-log,boreas,7.41
2026-04,registros-log,cais,53.50
2026-04,backup-diario,atlas,10.79
2026-04,backup-diario,boreas,11.46
2026-04,backup-diario,cais,77.78
2026-04,dns-zonas,atlas,3.19
2026-04,dns-zonas,boreas,3.15
2026-04,dns-zonas,cais,20.68
2026-05,compute-web,atlas,415.61
2026-05,compute-web,boreas,65.91
2026-05,compute-web,cais,69.33
2026-05,compute-lote,atlas,184.10
2026-05,compute-lote,boreas,26.71
2026-05,compute-lote,cais,26.14
2026-05,banco-relacional,atlas,296.98
2026-05,banco-relacional,boreas,50.01
2026-05,banco-relacional,cais,43.93
2026-05,armazenamento-frio,atlas,90.37
2026-05,armazenamento-frio,boreas,15.11
2026-05,armazenamento-frio,cais,14.36
2026-05,trafego-saida,atlas,20.76
2026-05,trafego-saida,boreas,149.98
2026-05,trafego-saida,cais,19.81
2026-05,cdn-distribuicao,atlas,17.35
2026-05,cdn-distribuicao,boreas,107.53
2026-05,cdn-distribuicao,cais,17.83
2026-05,fila-mensagens,atlas,7.13
2026-05,fila-mensagens,boreas,48.15
2026-05,fila-mensagens,cais,7.05
2026-05,funcao-sem-servidor,atlas,9.59
2026-05,funcao-sem-servidor,boreas,63.61
2026-05,funcao-sem-servidor,cais,9.62
2026-05,monitoramento,atlas,5.81
2026-05,monitoramento,boreas,6.04
2026-05,monitoramento,cais,41.47
2026-05,registros-log,atlas,7.99
2026-05,registros-log,boreas,8.07
2026-05,registros-log,cais,51.00
2026-05,backup-diario,atlas,10.59
2026-05,backup-diario,boreas,10.45
2026-05,backup-diario,cais,73.37
2026-05,dns-zonas,atlas,3.43
2026-05,dns-zonas,boreas,3.37
2026-05,dns-zonas,cais,22.14
2026-06,compute-web,atlas,414.89
2026-06,compute-web,boreas,64.96
2026-06,compute-web,cais,65.45
2026-06,compute-lote,atlas,180.11
2026-06,compute-lote,boreas,27.73
2026-06,compute-lote,cais,28.25
2026-06,banco-relacional,atlas,347.62
2026-06,banco-relacional,boreas,49.95
2026-06,banco-relacional,cais,49.83
2026-06,armazenamento-frio,atlas,104.09
2026-06,armazenamento-frio,boreas,15.62
2026-06,armazenamento-frio,cais,14.57
2026-06,trafego-saida,atlas,23.57
2026-06,trafego-saida,boreas,154.50
2026-06,trafego-saida,cais,22.41
2026-06,cdn-distribuicao,atlas,18.47
2026-06,cdn-distribuicao,boreas,117.04
2026-06,cdn-distribuicao,cais,17.60
2026-06,fila-mensagens,atlas,6.86
2026-06,fila-mensagens,boreas,44.86
2026-06,fila-mensagens,cais,7.43
2026-06,funcao-sem-servidor,atlas,8.89
2026-06,funcao-sem-servidor,boreas,60.28
2026-06,funcao-sem-servidor,cais,10.00
2026-06,monitoramento,atlas,6.39
2026-06,monitoramento,boreas,5.59
2026-06,monitoramento,cais,41.01
2026-06,registros-log,atlas,8.68
2026-06,registros-log,boreas,7.50
2026-06,registros-log,cais,51.57
2026-06,backup-diario,atlas,10.64
2026-06,backup-diario,boreas,11.21
2026-06,backup-diario,cais,73.44
2026-06,dns-zonas,atlas,3.56
2026-06,dns-zonas,boreas,3.28
2026-06,dns-zonas,cais,24.40
2026-07,compute-web,atlas,415.83
2026-07,compute-web,boreas,64.79
2026-07,compute-web,cais,67.07
2026-07,compute-lote,atlas,205.31
2026-07,compute-lote,boreas,27.00
2026-07,compute-lote,cais,30.03
2026-07,banco-relacional,atlas,351.80
2026-07,banco-relacional,boreas,53.06
2026-07,banco-relacional,cais,49.71
2026-07,armazenamento-frio,atlas,799.93
2026-07,armazenamento-frio,boreas,14.45
2026-07,armazenamento-frio,cais,15.12
2026-07,trafego-saida,atlas,22.95
2026-07,trafego-saida,boreas,148.46
2026-07,trafego-saida,cais,23.18
2026-07,cdn-distribuicao,atlas,17.67
2026-07,cdn-distribuicao,boreas,120.89
2026-07,cdn-distribuicao,cais,18.76
2026-07,fila-mensagens,atlas,6.60
2026-07,fila-mensagens,boreas,44.79
2026-07,fila-mensagens,cais,7.31
2026-07,funcao-sem-servidor,atlas,9.34
2026-07,funcao-sem-servidor,boreas,65.47
2026-07,funcao-sem-servidor,cais,9.53
2026-07,monitoramento,atlas,6.18
2026-07,monitoramento,boreas,5.90
2026-07,monitoramento,cais,42.91
2026-07,registros-log,atlas,8.57
2026-07,registros-log,boreas,8.93
2026-07,registros-log,cais,56.85
2026-07,backup-diario,atlas,11.63
2026-07,backup-diario,boreas,12.52
2026-07,backup-diario,cais,73.01
2026-07,dns-zonas,atlas,3.60
2026-07,dns-zonas,boreas,3.63
2026-07,dns-zonas,cais,25.03
2026-08,compute-web,atlas,482.64
2026-08,compute-web,boreas,66.97
2026-08,compute-web,cais,71.50
2026-08,compute-lote,atlas,192.87
2026-08,compute-lote,boreas,28.65
2026-08,compute-lote,cais,29.76
2026-08,banco-relacional,atlas,354.62
2026-08,banco-relacional,boreas,49.82
2026-08,banco-relacional,cais,54.29
2026-08,armazenamento-frio,atlas,96.66
2026-08,armazenamento-frio,boreas,15.17
2026-08,armazenamento-frio,cais,15.54
2026-08,trafego-saida,atlas,22.11
2026-08,trafego-saida,boreas,709.09
2026-08,trafego-saida,cais,21.36
2026-08,cdn-distribuicao,atlas,18.69
2026-08,cdn-distribuicao,boreas,119.33
2026-08,cdn-distribuicao,cais,16.62
2026-08,fila-mensagens,atlas,6.87
2026-08,fila-mensagens,boreas,49.07
2026-08,fila-mensagens,cais,7.30
2026-08,funcao-sem-servidor,atlas,9.78
2026-08,funcao-sem-servidor,boreas,63.18
2026-08,funcao-sem-servidor,cais,10.48
2026-08,monitoramento,atlas,6.33
2026-08,monitoramento,boreas,6.40
2026-08,monitoramento,cais,38.74
2026-08,registros-log,atlas,8.14
2026-08,registros-log,boreas,9.10
2026-08,registros-log,cais,54.71
2026-08,backup-diario,atlas,11.08
2026-08,backup-diario,boreas,11.58
2026-08,backup-diario,cais,81.35
2026-08,dns-zonas,atlas,3.69
2026-08,dns-zonas,boreas,3.80
2026-08,dns-zonas,cais,22.43
2026-09,compute-web,atlas,462.83
2026-09,compute-web,boreas,73.61
2026-09,compute-web,cais,74.34
2026-09,compute-lote,atlas,1148.71
2026-09,compute-lote,boreas,29.56
2026-09,compute-lote,cais,30.19
2026-09,banco-relacional,atlas,340.76
2026-09,banco-relacional,boreas,52.83
2026-09,banco-relacional,cais,52.18
2026-09,armazenamento-frio,atlas,96.57
2026-09,armazenamento-frio,boreas,16.29
2026-09,armazenamento-frio,cais,16.83
2026-09,trafego-saida,atlas,25.01
2026-09,trafego-saida,boreas,750.64
2026-09,trafego-saida,cais,24.49
2026-09,cdn-distribuicao,atlas,17.78
2026-09,cdn-distribuicao,boreas,128.78
2026-09,cdn-distribuicao,cais,19.54
2026-09,fila-mensagens,atlas,7.05
2026-09,fila-mensagens,boreas,53.64
2026-09,fila-mensagens,cais,6.92
2026-09,funcao-sem-servidor,atlas,9.19
2026-09,funcao-sem-servidor,boreas,67.68
2026-09,funcao-sem-servidor,cais,10.48
2026-09,monitoramento,atlas,6.74
2026-09,monitoramento,boreas,6.46
2026-09,monitoramento,cais,41.01
2026-09,registros-log,atlas,8.36
2026-09,registros-log,boreas,8.99
2026-09,registros-log,cais,60.61
2026-09,backup-diario,atlas,12.74
2026-09,backup-diario,boreas,11.92
2026-09,backup-diario,cais,78.77
2026-09,dns-zonas,atlas,3.67
2026-09,dns-zonas,boreas,3.69
2026-09,dns-zonas,cais,23.58
